[{"model": "blog.category", "pk": 1, "fields": {"title": "Здоровье", "description": "Описание  \"категории\"\" здоровье", "content": "Описание  категории здоровье. Lorem Ipsum - это текст-\"рыба\", часто используемый в печати и вэб-дизайне. Lorem Ipsum является стандартной \"рыбой\" для текстов на латинице с начала XVI века. В то время некий безымянный печатник создал большую коллекцию размеров и форм шрифтов, используя Lorem Ipsum для распечатки образцов. Lorem Ipsum не только успешно пережил без заметных изменений пять веков, но и перешагнул в электронный дизайн. Его популяризации в новое время послужили публикация листов Letraset с образцами Lorem Ipsum в 60-х годах и, в более недавнее время, программы электронной вёрстки типа Aldus PageMaker, в шаблонах которых используется Lorem Ipsum.Lorem Ipsum - это текст-\"рыба\", часто используемый в печати и вэб-дизайне. Lorem Ipsum является стандартной \"рыбой\" для текстов на латинице с начала XVI века. В то время некий безымянный печатник создал большую коллекцию размеров и форм шрифтов, используя Lorem Ipsum для распечатки образцов. Lorem Ipsum не только успешно пережил без заметных изменений пять веков, но и перешагнул в электронный дизайн. Его популяризации в новое время послужили публикация листов Letraset с образцами Lorem Ipsum в 60-х годах и, в более недавнее время, программы электронной вёрстки типа Aldus PageMaker, в шаблонах которых используется Lorem Ipsum.Lorem Ipsum - это текст-\"рыба\", часто используемый в печати и вэб-дизайне. Lorem Ipsum является стандартной \"рыбой\" для текстов на латинице с начала XVI века. В то время некий безымянный печатник создал большую коллекцию размеров и форм шрифтов, используя Lorem Ipsum для распечатки образцов. Lorem Ipsum не только успешно пережил без заметных изменений пять веков, но и перешагнул в электронный дизайн. Его популяризации в новое время послужили публикация листов Letraset с образцами Lorem Ipsum в 60-х годах и, в более недавнее время, программы электронной вёрстки типа Aldus PageMaker, в шаблонах которых используется Lorem Ipsum.", "slug": "zdorove", "image": "category/item.jpg"}}, {"model": "blog.category", "pk": 2, "fields": {"title": "Питание", "description": "Описание категории питание", "content": "Описание категории питание", "slug": "pitanie", "image": ""}}, {"model": "blog.category", "pk": 3, "fields": {"title": "Спорт", "description": "Опсиание категории спорт.", "content": "Опсиание категории спорт.", "slug": "sport", "image": ""}}, {"model": "blog.category", "pk": 4, "fields": {"title": "Овощи и фрукты", "description": "Опсиание Овощи и фрукты", "content": "Опсиание Овощи и фрукты", "slug": "ovoshi-i-frukty", "image": ""}}, {"model": "blog.category", "pk": 5, "fields": {"title": "Отдых", "description": "краткое описание Отдых", "content": "Описание Отдых", "slug": "otdyh", "image": ""}}, {"model": "blog.category", "pk": 6, "fields": {"title": "Красота", "description": "Краткое описнаие категории Красота", "content": "Описнаие категории Красота", "slug": "krasota", "image": ""}}, {"model": "blog.category", "pk": 7, "fields": {"title": "Похудение", "description": "Краткое описание Похудение", "content": "Краткое описание Похудение", "slug": "pohudenie", "image": ""}}, {"model": "blog.category", "pk": 8, "fields": {"title": "Отношения", "description": "Опсинаие Отношения", "content": "Опсинаие Отношения", "slug": "otnosheniya", "image": ""}}, {"model": "blog.category", "pk": 9, "fields": {"title": "Гороскоп", "description": "Опсиание Гороскоп", "content": "Опсиание Гороскоп", "slug": "goroskop", "image": ""}}, {"model": "blog.category", "pk": 10, "fields": {"title": "Семья", "description": "Описание семья.", "content": "Lorem Ipsum - это текст-\"рыба\", часто используемый в печати и вэб-дизайне. Lorem Ipsum является стандартной \"рыбой\" для текстов на латинице с начала XVI века. В то время некий безымянный печатник создал большую коллекцию размеров и форм шрифтов, используя Lorem Ipsum для распечатки образцов. Lorem Ipsum не только успешно пережил без заметных изменений пять веков, но и перешагнул в электронный дизайн. Его популяризации в новое время послужили публикация листов Letraset с образцами Lorem Ipsum в 60-х годах и, в более недавнее время, программы электронной вёрстки типа Aldus PageMaker, в шаблонах которых используется Lorem Ipsum.Lorem Ipsum - это текст-\"рыба\", часто используемый в печати и вэб-дизайне. Lorem Ipsum является стандартной \"рыбой\" для текстов на латинице с начала XVI века. В то время некий безымянный печатник создал большую коллекцию размеров и форм шрифтов, используя Lorem Ipsum для распечатки образцов. Lorem Ipsum не только успешно пережил без заметных изменений пять веков, но и перешагнул в электронный дизайн. Его популяризации в новое время послужили публикация листов Letraset с образцами Lorem Ipsum в 60-х годах и, в более недавнее время, программы электронной вёрстки типа Aldus PageMaker, в шаблонах которых используется Lorem Ipsum.Lorem Ipsum - это текст-\"рыба\", часто используемый в печати и вэб-дизайне. Lorem Ipsum является стандартной \"рыбой\" для текстов на латинице с начала XVI века. В то время некий безымянный печатник создал большую коллекцию размеров и форм шрифтов, используя Lorem Ipsum для распечатки образцов. Lorem Ipsum не только успешно пережил без заметных изменений пять веков, но и перешагнул в электронный дизайн. Его популяризации в новое время послужили публикация листов Letraset с образцами Lorem Ipsum в 60-х годах и, в более недавнее время, программы электронной вёрстки типа Aldus PageMaker, в шаблонах которых используется Lorem Ipsum.", "slug": "semya", "image": "category/nat-potolok.jpg"}}, {"model": "blog.post", "pk": 1, "fields": {"title": "Пост категории здоровье Пост", "description": "Пост категории здоровье", "content": "<p><strong>Опсиание категории Здоровье. Lorem Ipsum - это текст-&quot;рыба&quot;, часто используемый в печати и вэб-дизайне. Lorem Ipsum является стандартной &quot;рыбой&quot; для текстов на латинице с начала XVI века. В то время некий безымянный печатник создал большую коллекцию размеров и форм шрифтов, используя Lorem Ipsum для распечатки образцов. Lorem Ipsum не только успешно пережил без заметных изменений пять веков, но и перешагнул в электронный дизайн. Его популяризации в новое время послужили публикация листов Letraset с образцами Lorem Ipsum в 60-х годах и, в более недавнее время, программы электронной вёрстки типа Aldus PageMaker, в шаблонах которых используется Lorem Ipsum. </strong></p>\r\n\r\n<p><img alt=\"\" src=\"/media/uploads/2023/11/25/sofa-bg.jpg\" style=\"float:left; height:398px; margin:5px; width:600px\" /><strong>Lorem Ipsum - это текст-&quot;рыба&quot;, часто используемый в печати и вэб-дизайне. Lorem Ipsum является стандартной &quot;рыбой&quot; для текстов на латинице с начала XVI века. В то время некий безымянный печатник создал большую коллекцию размеров и форм шрифтов, используя Lorem Ipsum для распечатки образцов. Lorem Ipsum не только успешно пережил без заметных изменений пять веков, но и перешагнул в электронный дизайн. Его популяризации в новое время послужили публикация листов Letraset с образцами Lorem Ipsum в 60-х годах и, в более недавнее время, программы электронной вёрстки типа Aldus PageMaker, в шаблонах которых используется Lorem Ipsum. Lorem Ipsum - это текст-&quot;рыба&quot;, часто используемый в печати и вэб-дизайне. Lorem Ipsum является стандартной &quot;рыбой&quot; для текстов на латинице с начала XVI века. В то время некий безымянный печатник создал большую коллекцию размеров и форм шрифтов, используя Lorem Ipsum для распечатки образцов. </strong></p>\r\n\r\n<p><strong>Lorem Ipsum не только успешно пережил без заметных изменений пять веков, но и перешагнул в электронный дизайн. Его популяризации в новое время послужили публикация листов Letraset с образцами Lorem Ipsum в 60-х годах и, в более недавнее время, программы электронной вёрстки типа Aldus PageMaker, в шаблонах которых используется Lorem Ipsum.</strong></p>", "image": "images/2023/11/24/item.jpg", "slug": "post-kategorii-zdorove", "created_at": "2023-11-23T18:58:17.826Z", "views": 15, "category": 1, "tags": []}}, {"model": "blog.post", "pk": 2, "fields": {"title": "Пост категории здоровье 2", "description": "Пост категории здоровье 2", "content": "<p><strong>Пост категории здоровье 2 Пост категории здоровье 2 Пост категории здоровье 2 Пост категории здоровье 2 Пост категории здоровье 2 Пост категории здоровье 2 Пост категории здоровье 2</strong></p>", "image": "", "slug": "post-kategorii-zdorove-2", "created_at": "2023-11-23T19:04:08.836Z", "views": 13, "category": 1, "tags": [1, 2, 3, 4, 5, 6]}}, {"model": "blog.post", "pk": 3, "fields": {"title": "Пост категории гороскоп", "description": "Пост категории гороскопПост категории гороскоп", "content": "Пост категории гороскоп Пост категории гороскоп", "image": "", "slug": "post-kategorii-goroskop", "created_at": "2023-11-23T19:06:11.007Z", "views": 280, "category": 9, "tags": [4, 5, 6]}}, {"model": "blog.post", "pk": 4, "fields": {"title": "Пост категории здоровье 3", "description": "Пост категории здоровье 3 Пост категории здоровье 3 Пост категории здоровье 3", "content": "<p>Пост категории здоровье 3 Пост категории здоровье 3 Пост категории здоровье 3 Пост категории здоровье 3</p>", "image": "", "slug": "post-kategorii-zdorove-3", "created_at": "2023-11-23T19:07:28.216Z", "views": 19, "category": 1, "tags": [3, 4, 5, 6]}}, {"model": "blog.post", "pk": 5, "fields": {"title": "Пост категории здоровье 4", "description": "Пост категории здоровье 4 Пост категории здоровье 4", "content": "Пост категории здоровье 4 Пост категории здоровье 4", "image": "", "slug": "post-kategorii-zdorove-4", "created_at": "2023-11-23T19:08:47.783Z", "views": 10, "category": 1, "tags": []}}, {"model": "blog.post", "pk": 6, "fields": {"title": "Пост категории здоровье 6", "description": "Пост категории здоровье 6", "content": "Пост категории здоровье 6", "image": "", "slug": "post-kategorii-zdorove-6", "created_at": "2023-11-23T19:13:33.210Z", "views": 0, "category": 1, "tags": []}}, {"model": "blog.post", "pk": 7, "fields": {"title": "Пост категории 1  овощи и фрукты", "description": "Пост категории  овощи и фрукты", "content": "<p>Пост категории 1  овощи и фрукты</p>\r\n<p>Lorem Ipsum - это текст-\"рыба\", часто используемый в печати и вэб-дизайне. Lorem Ipsum является стандартной \"рыбой\" для текстов на латинице с начала XVI века. В то время некий безымянный печатник создал большую коллекцию размеров и форм шрифтов, используя Lorem Ipsum для распечатки образцов. Lorem Ipsum не только успешно пережил без заметных изменений пять веков, но и перешагнул в электронный дизайн. Его популяризации в новое время послужили публикация листов Letraset с образцами Lorem Ipsum в 60-х годах и, в более недавнее время, программы электронной вёрстки типа Aldus PageMaker, в шаблонах которых используется Lorem Ipsum.</p>\r\n<p>Lorem Ipsum - это текст-\"рыба\", часто используемый в печати и вэб-дизайне. Lorem Ipsum является стандартной \"рыбой\" для текстов на латинице с начала XVI века. В то время некий безымянный печатник создал большую коллекцию размеров и форм шрифтов, используя Lorem Ipsum для распечатки образцов. Lorem Ipsum не только успешно пережил без заметных изменений пять веков, но и перешагнул в электронный дизайн. Его популяризации в новое время послужили публикация листов Letraset с образцами Lorem Ipsum в 60-х годах и, в более недавнее время, программы электронной вёрстки типа Aldus PageMaker, в шаблонах которых используется Lorem Ipsum.</p>\r\n<p>Lorem Ipsum - это текст-\"рыба\", часто используемый в печати и вэб-дизайне. Lorem Ipsum является стандартной \"рыбой\" для текстов на латинице с начала XVI века. В то время некий безымянный печатник создал большую коллекцию размеров и форм шрифтов, используя Lorem Ipsum для распечатки образцов. Lorem Ipsum не только успешно пережил без заметных изменений пять веков, но и перешагнул в электронный дизайн. Его популяризации в новое время послужили публикация листов Letraset с образцами Lorem Ipsum в 60-х годах и, в более недавнее время, программы электронной вёрстки типа Aldus PageMaker, в шаблонах которых используется Lorem Ipsum.</p>", "image": "", "slug": "post-kategorii-1-ovoshi-i-frukty", "created_at": "2023-11-24T07:41:06.505Z", "views": 15, "category": 4, "tags": []}}, {"model": "blog.post", "pk": 8, "fields": {"title": "Пост 1 категории птание", "description": "Пост 1 категории птание Пост 1 категории птание", "content": "<p>\r\nLorem Ipsum - это текст-\"рыба\", часто используемый в печати и вэб-дизайне. Lorem Ipsum является стандартной \"рыбой\" для текстов на латинице с начала XVI века. В то время некий безымянный печатник создал большую коллекцию размеров и форм шрифтов, используя Lorem Ipsum для распечатки образцов. Lorem Ipsum не только успешно пережил без заметных изменений пять веков, но и перешагнул в электронный дизайн. Его популяризации в новое время послужили публикация листов Letraset с образцами Lorem Ipsum в 60-х годах и, в более недавнее время, программы электронной вёрстки типа Aldus PageMaker, в шаблонах которых используется Lorem Ipsum.\r\n</p>\r\n<p>\r\nLorem Ipsum - это текст-\"рыба\", часто используемый в печати и вэб-дизайне. Lorem Ipsum является стандартной \"рыбой\" для текстов на латинице с начала XVI века. В то время некий безымянный печатник создал большую коллекцию размеров и форм шрифтов, используя Lorem Ipsum для распечатки образцов. Lorem Ipsum не только успешно пережил без заметных изменений пять веков, но и перешагнул в электронный дизайн. Его популяризации в новое время послужили публикация листов Letraset с образцами Lorem Ipsum в 60-х годах и, в более недавнее время, программы электронной вёрстки типа Aldus PageMaker, в шаблонах которых используется Lorem Ipsum.\r\n</p>\r\n<p>\r\nLorem Ipsum - это текст-\"рыба\", часто используемый в печати и вэб-дизайне. Lorem Ipsum является стандартной \"рыбой\" для текстов на латинице с начала XVI века. В то время некий безымянный печатник создал большую коллекцию размеров и форм шрифтов, используя Lorem Ipsum для распечатки образцов. Lorem Ipsum не только успешно пережил без заметных изменений пять веков, но и перешагнул в электронный дизайн. Его популяризации в новое время послужили публикация листов Letraset с образцами Lorem Ipsum в 60-х годах и, в более недавнее время, программы электронной вёрстки типа Aldus PageMaker, в шаблонах которых используется Lorem Ipsum.\r\n</p>", "image": "", "slug": "post-1-kategorii-ptanie", "created_at": "2023-11-24T07:43:25.063Z", "views": 29, "category": 2, "tags": [3]}}, {"model": "blog.post", "pk": 9, "fields": {"title": "Пост 2 категории питание", "description": "Пост 2 категории питание", "content": "<p><strong>Lorem Ipsum - это текст-&quot;рыба&quot;, часто используемый в печати и вэб-дизайне. Lorem Ipsum является стандартной &quot;рыбой&quot; для текстов на латинице с начала XVI века. В то время некий безымянный печатник создал большую коллекцию размеров и форм шрифтов, используя Lorem Ipsum для распечатки образцов. Lorem Ipsum не только успешно пережил без заметных изменений пять веков, но и перешагнул в электронный дизайн. Его популяризации в новое время послужили публикация листов Letraset с образцами Lorem Ipsum в 60-х годах и, в более недавнее время, программы электронной вёрстки типа Aldus PageMaker, в шаблонах которых используется Lorem Ipsum.</strong></p>\r\n\r\n<p>Lorem Ipsum - это текст-&quot;рыба&quot;, часто используемый в печати и вэб-дизайне. Lorem Ipsum является стандартной &quot;рыбой&quot; для текстов на латинице с начала XVI века. В то время некий безымянный печатник создал большую коллекцию размеров и форм шрифтов, используя Lorem Ipsum для распечатки образцов. Lorem Ipsum не только успешно пережил без заметных изменений пять веков, но и перешагнул в электронный дизайн. Его популяризации в новое время послужили публикация листов Letraset с образцами Lorem Ipsum в 60-х годах и, в более недавнее время, программы электронной вёрстки типа Aldus PageMaker, в шаблонах которых используется Lorem Ipsum.</p>\r\n\r\n<p><img alt=\"\" src=\"/media/uploads/2023/11/24/slider2.jpg\" style=\"float:left; height:135px; margin:5px; width:400px\" />Lorem Ipsum - это текст-&quot;рыба&quot;, часто используемый в печати и вэб-дизайне. Lorem Ipsum является стандартной &quot;рыбой&quot; для текстов на латинице с начала XVI века. В то время некий безымянный печатник создал большую коллекцию размеров и форм шрифтов, используя Lorem Ipsum для распечатки образцов. Lorem Ipsum не только успешно пережил без заметных изменений пять веков, но и перешагнул в электронный дизайн. Его популяризации в новое время послужили публикация листов Letraset с образцами Lorem Ipsum в 60-х годах и, в более недавнее время, программы электронной вёрстки типа Aldus PageMaker, в шаблонах которых используется Lorem Ipsum.</p>", "image": "images/2023/11/24/contact-bg12345.jpg", "slug": "post-2-kategorii-pitanie", "created_at": "2023-11-24T07:44:25.672Z", "views": 55, "category": 2, "tags": [2, 3, 4, 5, 6]}}, {"model": "blog.post", "pk": 10, "fields": {"title": "Пост 6 категории здоровье", "description": "Пост 6 категории здоровье", "content": "<p>Пост 6 категории здоровьеПост 6 категории здоровьеПост 6 категории здоровьеПост 6 категории здоровьеПост 6 категории здоровьеПост 6 категории здоровьеПост 6 категории здоровьеПост 6 категории здоровьеПост 6 категории здоровьеммммммПост 6 категории здоровье</p>", "image": "", "slug": "post-6-kategorii-zdorove", "created_at": "2023-11-25T05:29:42.178Z", "views": 0, "category": 1, "tags": [3, 4, 5, 6]}}, {"model": "blog.post", "pk": 11, "fields": {"title": "Пост 7 категории здоровье", "description": "Пост 7 категории здоровье", "content": "<p><strong>Пост 7 категории здоровьеПост 7 категории здоровьеПост 7 категории здоровьеПост 7 категории здоровьеПост 7 категории здоровьеПост 7 категории здоровьеПост 7 категории здоровьеПост 7 категории здоровьеПост 7 категории здоровьеммммммммммПост 7 категории здоровьеПост 7 категории здоровьеПост 7 категории здоровьеПост 7 категории здоровье</strong></p>", "image": "", "slug": "post-7-kategorii-zdorove", "created_at": "2023-11-25T05:30:57.479Z", "views": 11, "category": 1, "tags": [1, 2, 3, 4, 5, 6]}}, {"model": "blog.post", "pk": 12, "fields": {"title": "Пост 8 категории здоровье", "description": "Пост 8 категории здоровьеПост 8 категории здоровьеПост 8 категории здоровьеПост 8 категории здоровьеПост 8 категории здоровьеПост 8 категории здоровьеПост 8 категории здоровьеПост 8 категории здоровьеПост 8 категории здоровьеПост 8 категории здоровьеПост 8 категории здоровье", "content": "<p><em><strong>Пост 8 категории здоровьеПост 8 категории здоровьеПост 8 категории здоровьеПост 8 категории здоровьеПост 8 категории здоровьеПост 8 категории здоровьеПост 8 категории здоровьеПост 8 категории здоровьеПост 8 категории здоровьеПост 8 категории здоровьеПост 8 категории здоровьеПост 8 категории здоровьеПост 8 категории здоровьеПост 8 категории здоровьеПост 8 категории здоровьеПост 8 категории здоровьеПост 8 категории здоровьеПост 8 категории здоровьеПост 8 категории здоровьеПост 8 категории здоровьеПост 8 категории здоровьеПост 8 категории здоровьеПост 8 категории здоровьеПост 8 категории здоровьеПост 8 категории здоровьеПост 8 категории здоровьеПост 8 категории здоровьеПост 8 категории здоровьеПост 8 категории здоровьеПост 8 категории здоровьеПост 8 категории здоровьеПост 8 категории здоровьеПост 8 категории здоровьеПост 8 категории здоровьеПост 8 категории здоровьеПост 8 категории здоровьеПост 8 категории здоровьеПост 8 категории здоровьеПост 8 категории здоровьеПост 8 категории здоровьеПост 8 категории здоровьеПост 8 категории здоровьеПост 8 категории здоровьеПост 8 категории здоровьеПост 8 категории здоровьеПост 8 категории здоровьеПост 8 категории здоровьеПост 8 категории здоровьеПост 8 категории здоровьеПост 8 категории здоровьеПост 8 категории здоровьеПост 8 категории здоровьеПост 8 категории здоровьеПост 8 категории здоровьеПост 8 категории здоровье</strong></em></p>", "image": "", "slug": "post-8-kategorii-zdorove", "created_at": "2023-11-25T05:31:38.347Z", "views": 21, "category": 1, "tags": [1, 2, 3, 4, 5, 6]}}, {"model": "blog.post", "pk": 13, "fields": {"title": "Пост  9 категории здоровье", "description": "Пост  9 категории здоровьеПост  9 категории здоровьеПост  9 категории здоровьеПост  9 категории здоровьеПост  9 категории здоровьеПост  9 категории здоровьеПост  9 категории здоровьеПост  9 категории здоровьеПост  9 категории здоровьеПост  9 категории здоровьеПост  9 категории здоровьеПост  9 категории здоровье", "content": "<p>Пост&nbsp; 9 категории здоровьеПост&nbsp; 9 категории здоровьеПост&nbsp; 9 категории здоровьеПост&nbsp; 9 категории здоровьеПост&nbsp; 9 категории здоровьеПост&nbsp; 9 категории здоровьеПост&nbsp; 9 категории здоровьеПост&nbsp; 9 категории здоровьеПост&nbsp; 9 категории здоровьеПост&nbsp; 9 категории здоровьеПост&nbsp; 9 категории здоровьеПост&nbsp; 9 категории здоровьеПост&nbsp; 9 категории здоровьеПост&nbsp; 9 категории здоровьеПост&nbsp; 9 категории здоровьеПост&nbsp; 9 категории здоровьеПост&nbsp; 9 категории здоровьеПост&nbsp; 9 категории здоровьеПост&nbsp; 9 категории здоровьеПост&nbsp; 9 категории здоровьеПост&nbsp; 9 категории здоровьеПост&nbsp; 9 категории здоровьеПост&nbsp; 9 категории здоровьеПост&nbsp; 9 категории здоровьеПост&nbsp; 9 категории здоровьеПост&nbsp; 9 категории здоровьеПост&nbsp; 9 категории здоровьеПост&nbsp; 9 категории здоровьеПост&nbsp; 9 категории здоровьеПост&nbsp; 9 категории здоровьеПост&nbsp; 9 категории здоровьеПост&nbsp; 9 категории здоровьеПост&nbsp; 9 категории здоровьеПост&nbsp; 9 категории здоровьеПост&nbsp; 9 категории здоровьеПост&nbsp; 9 категории здоровьеПост&nbsp; 9 категории здоровьеПост&nbsp; 9 категории здоровьеПост&nbsp; 9 категории здоровьеПост&nbsp; 9 категории здоровьеПост&nbsp; 9 категории здоровьеПост&nbsp; 9 категории здоровьеПост&nbsp; 9 категории здоровьеПост&nbsp; 9 категории здоровьеПост&nbsp; 9 категории здоровьеПост&nbsp; 9 категории здоровьеПост&nbsp; 9 категории здоровьеПост&nbsp; 9 категории здоровье</p>", "image": "", "slug": "post-9-kategorii-zdorove", "created_at": "2023-11-25T05:32:53.903Z", "views": 116, "category": 1, "tags": [1, 2, 3, 4, 5, 6]}}, {"model": "blog.post", "pk": 14, "fields": {"title": "Пост 10 категории здоровье", "description": "Пост 10 категории здоровьеПост 10 категории здоровьеПост 10 категории здоровьеПост 10 категории здоровьеПост 10 категории здоровьеПост 10 категории здоровьеПост 10 категории здоровьеПост 10 категории здоровьеПост 10 категории здоровьеПост 10 категории здоровьеПост 10 категории здоровьеПост 10 категории здоровьеПост 10 категории здоровье", "content": "<p>Пост 10 категории здоровьеПост 10 категории здоровьеПост 10 категории здоровьеПост 10 категории здоровьеПост 10 категории здоровьеПост 10 категории здоровьеПост 10 категории здоровьеПост 10 категории здоровьеПост 10 категории здоровьеПост 10 категории здоровьеПост 10 категории здоровьеПост 10 категории здоровьеПост 10 категории здоровьеПост 10 категории здоровьеПост 10 категории здоровьеПост 10 категории здоровьеПост 10 категории здоровьеПост 10 категории здоровьеПост 10 категории здоровьеПост 10 категории здоровьеПост 10 категории здоровьеПост 10 категории здоровьеПост 10 категории здоровьеПост 10 категории здоровьеПост 10 категории здоровьеПост 10 категории здоровьеПост 10 категории здоровьеПост 10 категории здоровьеПост 10 категории здоровьеПост 10 категории здоровьеПост 10 категории здоровьеПост 10 категории здоровьеПост 10 категории здоровьеПост 10 категории здоровьеПост 10 категории здоровьеПост 10 категории здоровьеПост 10 категории здоровьеПост 10 категории здоровьеПост 10 категории здоровьеПост 10 категории здоровьеПост 10 категории здоровьеПост 10 категории здоровьеПост 10 категории здоровьеПост 10 категории здоровьеПост 10 категории здоровьеПост 10 категории здоровьеПост 10 категории здоровьеПост 10 категории здоровьеПост 10 категории здоровьеПост 10 категории здоровьеПост 10 категории здоровьеПост 10 категории здоровье</p>", "image": "images/2023/11/25/sofa-bg.jpg", "slug": "post-10-kategorii-zdorove", "created_at": "2023-11-25T05:35:19.337Z", "views": 408, "category": 1, "tags": [2]}}, {"model": "blog.tag", "pk": 1, "fields": {"title": "Европа", "slug": "evropa"}}, {"model": "blog.tag", "pk": 2, "fields": {"title": "Азия", "slug": "aziya"}}, {"model": "blog.tag", "pk": 3, "fields": {"title": "Семья", "slug": "semya"}}, {"model": "blog.tag", "pk": 4, "fields": {"title": "Весы", "slug": "vesy"}}, {"model": "blog.tag", "pk": 5, "fields": {"title": "Скорпион", "slug": "skorpion"}}, {"model": "blog.tag", "pk": 6, "fields": {"title": "Козерог", "slug": "kozerog"}}, {"model": "blog.comment", "pk": 1, "fields": {"user": 31, "text": "Всё хорошо.", "post": 3, "created_at": "2024-03-15T11:27:59.730Z", "parent": null}}, {"model": "blog.comment", "pk": 2, "fields": {"user": 31, "text": "Супер!!!", "post": 3, "created_at": "2024-03-15T11:38:20.236Z", "parent": null}}, {"model": "blog.comment", "pk": 3, "fields": {"user": 32, "text": "Понравилась статья!!!", "post": 3, "created_at": "2024-03-15T12:00:13.797Z", "parent": null}}, {"model": "blog.comment", "pk": 4, "fields": {"user": 32, "text": "admin20, Согласен полностью.", "post": 3, "created_at": "2024-03-15T12:04:52.957Z", "parent": 1}}, {"model": "blog.comment", "pk": 5, "fields": {"user": 32, "text": "admin20, Да, так.", "post": 3, "created_at": "2024-03-15T12:09:06.454Z", "parent": 2}}, {"model": "blog.comment", "pk": 6, "fields": {"user": 33, "text": "OK!!!!!!", "post": 3, "created_at": "2024-03-15T12:30:09.462Z", "parent": null}}, {"model": "blog.comment", "pk": 7, "fields": {"user": 33, "text": "Vladislav, Супер!!!!!!!", "post": 3, "created_at": "2024-03-15T12:30:49.664Z", "parent": null}}, {"model": "blog.comment", "pk": 8, "fields": {"user": 33, "text": "Vladislav, Супер!!!", "post": 3, "created_at": "2024-03-15T12:31:25.886Z", "parent": 3}}, {"model": "blog.comment", "pk": 9, "fields": {"user": 33, "text": "admin20, Согласен \r\nСупер!!!", "post": 3, "created_at": "2024-03-15T12:40:53.180Z", "parent": 1}}, {"model": "blog.comment", "pk": 10, "fields": {"user": 33, "text": "admin20, Хорошо.\r\nХорошо\r\nХорошо\\n\r\nХорошо", "post": 3, "created_at": "2024-03-15T12:44:23.069Z", "parent": 1}}, {"model": "blog.comment", "pk": 11, "fields": {"user": 34, "text": "Хорошая статья", "post": 3, "created_at": "2024-03-15T17:02:24.310Z", "parent": null}}, {"model": "blog.comment", "pk": 12, "fields": {"user": 29, "text": "Супер", "post": 3, "created_at": "2024-03-15T17:36:26.108Z", "parent": null}}, {"model": "blog.mypage", "pk": 1, "fields": {"title": "Блог про здоровье", "description": "Опсиание Блог про здоровье!!!!!!!", "content": "Блог про здоровье Блог про здоровье Блог про здоровье Блог про здоровьеБлог про здоровье Блог про здоровье Блог про здоровье Блог про здоровьеБлог про здоровьеБлог про здоровье мБлог про здоровьеммм", "slug": "blog-pro-zdorove"}}, {"model": "blog.mypage", "pk": 2, "fields": {"title": "Контакты", "description": "Контакты", "content": "", "slug": "kontakty"}}, {"model": "blog.mypage", "pk": 3, "fields": {"title": "О нас", "description": "Cnhfybwf j yfc ///", "content": "Lorem Ipsum - это текст-\"рыба\", часто используемый в печати и вэб-дизайне. Lorem Ipsum является стандартной \"рыбой\" для текстов на латинице с начала XVI века. В то время некий безымянный печатник создал большую коллекцию размеров и форм шрифтов, используя Lorem Ipsum для распечатки образцов. Lorem Ipsum не только успешно пережил без заметных изменений пять веков, но и перешагнул в электронный дизайн. Его популяризации в новое время послужили публикация листов Letraset с образцами Lorem Ipsum в 60-х годах и, в более недавнее время, программы электронной вёрстки типа Aldus PageMaker, в шаблонах которых используется Lorem Ipsum.\r\nLorem Ipsum - это текст-\"рыба\", часто используемый в печати и вэб-дизайне. Lorem Ipsum является стандартной \"рыбой\" для текстов на латинице с начала XVI века. В то время некий безымянный печатник создал большую коллекцию размеров и форм шрифтов, используя Lorem Ipsum для распечатки образцов. Lorem Ipsum не только успешно пережил без заметных изменений пять веков, но и перешагнул в электронный дизайн. Его популяризации в новое время послужили публикация листов Letraset с образцами Lorem Ipsum в 60-х годах и, в более недавнее время, программы электронной вёрстки типа Aldus PageMaker, в шаблонах которых используется Lorem Ipsum.\r\nLorem Ipsum - это текст-\"рыба\", часто используемый в печати и вэб-дизайне. Lorem Ipsum является стандартной \"рыбой\" для текстов на латинице с начала XVI века. В то время некий безымянный печатник создал большую коллекцию размеров и форм шрифтов, используя Lorem Ipsum для распечатки образцов. Lorem Ipsum не только успешно пережил без заметных изменений пять веков, но и перешагнул в электронный дизайн. Его популяризации в новое время послужили публикация листов Letraset с образцами Lorem Ipsum в 60-х годах и, в более недавнее время, программы электронной вёрстки типа Aldus PageMaker, в шаблонах которых используется Lorem Ipsum.", "slug": "o-nas"}}, {"model": "blog.rating", "pk": 1, "fields": {"ip": "127.0.0.1", "post": 14, "rating": 5}}, {"model": "blog.rating", "pk": 2, "fields": {"ip": "127.0.0.1", "post": 13, "rating": 4}}, {"model": "blog.rating", "pk": 3, "fields": {"ip": "127.0.0.1", "post": 12, "rating": 3}}, {"model": "blog.rating", "pk": 4, "fields": {"ip": "127.0.0.1", "post": 11, "rating": 5}}, {"model": "blog.rating", "pk": 5, "fields": {"ip": "127.0.0.1", "post": 9, "rating": 5}}, {"model": "blog.rating", "pk": 6, "fields": {"ip": "123.234.456.78", "post": 9, "rating": 2}}, {"model": "blog.rating", "pk": 7, "fields": {"ip": "345.789.678.456", "post": 9, "rating": 3}}, {"model": "blog.rating", "pk": 9, "fields": {"ip": "127.0.0.1", "post": 8, "rating": 5}}, {"model": "blog.rating", "pk": 10, "fields": {"ip": "123.456.78.99", "post": 8, "rating": 1}}, {"model": "blog.rating", "pk": 11, "fields": {"ip": "127.0.0.1", "post": 3, "rating": 4}}, {"model": "blog.rating", "pk": 12, "fields": {"ip": "234.456.67.89", "post": 14, "rating": 2}}, {"model": "blog.rating", "pk": 13, "fields": {"ip": "127.0.0.1", "post": 1, "rating": 3}}, {"model": "blog.rating", "pk": 14, "fields": {"ip": "127.0.0.1", "post": 4, "rating": 4}}, {"model": "blog.rating", "pk": 15, "fields": {"ip": "127.0.0.1", "post": 7, "rating": 5}}, {"model": "blog.star", "pk": 1, "fields": {"value_star": 1}}, {"model": "blog.star", "pk": 2, "fields": {"value_star": 2}}, {"model": "blog.star", "pk": 3, "fields": {"value_star": 3}}, {"model": "blog.star", "pk": 4, "fields": {"value_star": 4}}, {"model": "blog.star", "pk": 5, "fields": {"value_star": 5}}, {"model": "users.customuser", "pk": 14, "fields": {"password": "pbkdf2_sha256$600000$7WGVoWRMORclNctHkkXvaA$n9n+xVuf/irqrI+tbxQM2o7gQDIzW3LQD4WbFdxpfZY=", "last_login": null, "first_name": "", "last_name": "", "is_staff": true, "date_joined": "2024-02-16T19:19:18.326Z", "email": "admin1@mail.ru", "is_superuser": true, "is_active": true, "data_join": "2024-02-16T19:19:18.326Z", "username": "admin1@mail.ru", "photo": "", "sex": "0", "groups": [], "user_permissions": []}}, {"model": "users.customuser", "pk": 15, "fields": {"password": "pbkdf2_sha256$600000$h3NtriGa0Odzt8a4xhepX2$3/eWZ5pZQvHpjvnKwtbLpSxHOw5pRKbd7Npx+h4lxL8=", "last_login": null, "first_name": "", "last_name": "", "is_staff": true, "date_joined": "2024-02-16T19:19:39.766Z", "email": "admin2@mail.ru", "is_superuser": true, "is_active": true, "data_join": "2024-02-16T19:19:39.766Z", "username": "admin2@mail.ru", "photo": "", "sex": "0", "groups": [], "user_permissions": []}}, {"model": "users.customuser", "pk": 16, "fields": {"password": "pbkdf2_sha256$600000$ItO9lpkLeEb99rsrm6H5lG$epRxkEa0cdE/XzKTZTHCX3iDu+8Yh8eShkZOdWUc7GM=", "last_login": "2024-03-09T17:38:06.462Z", "first_name": "111", "last_name": "2222222222", "is_staff": false, "date_joined": "2024-02-16T19:20:26Z", "email": "admin3@mail.ru", "is_superuser": false, "is_active": true, "data_join": "2024-02-16T19:20:26.369Z", "username": "", "photo": "users/2024/03/09/item_psVwZRA.jpg", "sex": "0", "groups": [], "user_permissions": []}}, {"model": "users.customuser", "pk": 17, "fields": {"password": "pbkdf2_sha256$600000$ef8qYwFzNvbZd4aH1lIxp5$sOoTTrH078lmaVGTf++IbDR6cxSBa9xkU/WhGKDaK2U=", "last_login": null, "first_name": "", "last_name": "", "is_staff": true, "date_joined": "2024-02-16T19:29:38.245Z", "email": "admin5@mail.ru", "is_superuser": true, "is_active": true, "data_join": "2024-02-16T19:29:38.245Z", "username": "admin5@mail.ru", "photo": "", "sex": "0", "groups": [], "user_permissions": []}}, {"model": "users.customuser", "pk": 18, "fields": {"password": "pbkdf2_sha256$600000$BDsb6cD9Dngqe7rDKdOFdj$6AddqyRNoOe7mC+TQ1R59P7CUTKqtGKiPfczv3TgMvc=", "last_login": null, "first_name": "", "last_name": "", "is_staff": true, "date_joined": "2024-02-16T19:29:57.157Z", "email": "admin6@mail.ru", "is_superuser": true, "is_active": true, "data_join": "2024-02-16T19:29:57.157Z", "username": "admin6@mail.ru", "photo": "", "sex": "0", "groups": [], "user_permissions": []}}, {"model": "users.customuser", "pk": 19, "fields": {"password": "pbkdf2_sha256$600000$sdotOjOYPGsEKbmItRO72g$JK04wTQuxcF8pA4rdsJdLQpy6wmhJldZqyUVK1sMeLE=", "last_login": null, "first_name": "", "last_name": "", "is_staff": false, "date_joined": "2024-02-16T19:31:04Z", "email": "admin7@mail.ru", "is_superuser": false, "is_active": true, "data_join": "2024-02-16T19:31:04.511Z", "username": null, "photo": "", "sex": "0", "groups": [], "user_permissions": []}}, {"model": "users.customuser", "pk": 20, "fields": {"password": "pbkdf2_sha256$600000$AmyNKhj3BrOsuTVevSHaN7$0Arq3Xs6zlB07tgwBN1+Qn3KQOfCra1pclQ2W6/B1Ok=", "last_login": null, "first_name": "11", "last_name": "22", "is_staff": true, "date_joined": "2024-02-16T19:31:43Z", "email": "admin8@mail.ru", "is_superuser": true, "is_active": true, "data_join": "2024-02-16T19:31:43.102Z", "username": null, "photo": "", "sex": "0", "groups": [], "user_permissions": []}}, {"model": "users.customuser", "pk": 21, "fields": {"password": "pbkdf2_sha256$600000$t36NKitsdbFgICespMizPV$rrn6vCjK5VzHtyAoasTT6bmgil5muH664OrjJWWTupg=", "last_login": "2024-03-10T08:01:02.656Z", "first_name": "", "last_name": "", "is_staff": false, "date_joined": "2024-03-09T11:33:02.513Z", "email": "admin10@mail.ru", "is_superuser": false, "is_active": true, "data_join": "2024-03-09T11:33:02.513Z", "username": null, "photo": "", "sex": "0", "groups": [], "user_permissions": []}}, {"model": "users.customuser", "pk": 22, "fields": {"password": "pbkdf2_sha256$600000$QKlUjS0bHnMhupkKZU3zxe$glaow7xRTsy5eFeWXD/CDG/kzMbPmN66+pyTlNY77js=", "last_login": "2024-03-09T13:00:59.521Z", "first_name": "", "last_name": "", "is_staff": false, "date_joined": "2024-03-09T13:00:26.354Z", "email": "admin11@mail.ru", "is_superuser": false, "is_active": true, "data_join": "2024-03-09T13:00:26.354Z", "username": null, "photo": "", "sex": "0", "groups": [], "user_permissions": []}}, {"model": "users.customuser", "pk": 23, "fields": {"password": "pbkdf2_sha256$600000$rzf1ak3CHuNa5CKxm2yERO$m4OAmv4G0Y8i5yGkJWP/tytzOzllk74TJQ6XNN/OU4I=", "last_login": "2024-03-09T14:39:40.514Z", "first_name": "", "last_name": "", "is_staff": false, "date_joined": "2024-03-09T14:18:46.443Z", "email": "admin12@mail.ru", "is_superuser": false, "is_active": true, "data_join": "2024-03-09T14:18:46.443Z", "username": null, "photo": "", "sex": "0", "groups": [], "user_permissions": []}}, {"model": "users.customuser", "pk": 29, "fields": {"password": "pbkdf2_sha256$600000$EFlGDH8yM11Hc0wvdtcngh$l2EzLMbPscC4nBtkvMKesjAhFCenrnnn842npcOR7n0=", "last_login": "2024-03-15T17:35:05.381Z", "first_name": "Владислав", "last_name": "", "is_staff": true, "date_joined": "2024-03-12T17:59:47.543Z", "email": "admin@mail.ru", "is_superuser": true, "is_active": true, "data_join": "2024-03-12T17:59:47.543Z", "username": "admin@mail.ru", "photo": "", "sex": "0", "groups": [], "user_permissions": []}}, {"model": "users.customuser", "pk": 31, "fields": {"password": "pbkdf2_sha256$600000$MFErq2i44QmrZamEbMYHMB$rjDlOkWrMxUHtxHlhNb17rWsekNYRjGk6yr/qBLIlJA=", "last_login": "2024-03-15T16:48:42.554Z", "first_name": "", "last_name": "", "is_staff": true, "date_joined": "2024-03-15T05:31:59Z", "email": "admin20@mail.ru", "is_superuser": true, "is_active": true, "data_join": "2024-03-15T05:31:59.275Z", "username": "admin20@mail.ru", "photo": "users/2024/03/15/item.jpg", "sex": "1", "groups": [], "user_permissions": []}}, {"model": "users.customuser", "pk": 32, "fields": {"password": "pbkdf2_sha256$600000$klnxSOzTSFVMb48Diq7N9S$btZBBSLWaC2KK4XQ9xkZ0hP5PKopy72w88ho1qbVTqA=", "last_login": "2024-03-15T11:59:31.663Z", "first_name": "Vladislav", "last_name": "", "is_staff": false, "date_joined": "2024-03-15T11:58:42.098Z", "email": "admin21@mail.ru", "is_superuser": false, "is_active": true, "data_join": "2024-03-15T11:58:42.098Z", "username": null, "photo": "", "sex": "0", "groups": [], "user_permissions": []}}, {"model": "users.customuser", "pk": 33, "fields": {"password": "pbkdf2_sha256$600000$PHld1VerYcQRGawnMTVoEP$fAp3LhAd+spIhBKqgqDQjxJR97gJQD8VXdkt5/28vTo=", "last_login": "2024-03-15T12:29:32.248Z", "first_name": "Alex", "last_name": "", "is_staff": false, "date_joined": "2024-03-15T12:29:08.060Z", "email": "admin22@mail.ru", "is_superuser": false, "is_active": true, "data_join": "2024-03-15T12:29:08.060Z", "username": null, "photo": "", "sex": "0", "groups": [], "user_permissions": []}}, {"model": "users.customuser", "pk": 34, "fields": {"password": "pbkdf2_sha256$600000$s0lsA7m1eRtk2pSRWxhmCM$MCeBCPZcBNaLkAuuu8sXdWxCIz/MzbGhzE/bJDqZH1A=", "last_login": "2024-03-15T16:59:22.831Z", "first_name": "", "last_name": "", "is_staff": false, "date_joined": "2024-03-15T16:47:29.647Z", "email": "admin23@mail.ru", "is_superuser": false, "is_active": true, "data_join": "2024-03-15T16:47:29.647Z", "username": null, "photo": "users/2024/03/15/adv1.png", "sex": "", "groups": [], "user_permissions": []}}]